case_id,host_identified,country
SYN-00001,N,해외
SYN-00002,N,해외
SYN-00003,N,해외
SYN-00004,N,해외
SYN-00005,N,해외
SYN-00006,N,해외
SYN-00007,N,해외
SYN-00008,N,미국
SYN-00009,N,미국
SYN-00010,N,해외
SYN-00011,Y,미국
SYN-00012,N,해외
SYN-00013,N,해외
SYN-00014,N,
SYN-00015,Y,해외
SYN-00016,N,해외
SYN-00017,N,미국
SYN-00018,N,해외
SYN-00019,N,미국
SYN-00020,N,미국
SYN-00021,N,해외
SYN-00022,N,미국
SYN-00023,N,해외
SYN-00024,N,미국
SYN-00025,N,해외
SYN-00026,N,미국
SYN-00027,N,미국
SYN-00028,N,해외
SYN-00029,N,해외
SYN-00030,N,해외
SYN-00031,N,해외
SYN-00032,Y,해외
SYN-00033,N,해외
SYN-00034,N,미국
SYN-00035,Y,해외
SYN-00036,Y,해외
SYN-00037,N,해외
SYN-00038,N,
SYN-00039,N,미국
SYN-00040,N,미국
SYN-00041,Y,미국
SYN-00042,N,해외
SYN-00043,N,해외
SYN-00044,N,미국
SYN-00045,Y,해외
SYN-00046,N,해외
SYN-00047,N,미국
SYN-00048,Y,해외
SYN-00049,N,해외
SYN-00050,N,미국
SYN-00051,N,미국
SYN-00052,Y,해외
SYN-00053,N,해외
SYN-00054,N,해외
SYN-00055,N,미국
SYN-00056,N,해외
SYN-00057,Y,미국
SYN-00058,Y,해외
SYN-00059,N,미국
SYN-00060,Y,해외
SYN-00061,N,해외
SYN-00062,N,해외
SYN-00063,N,해외
SYN-00064,N,해외
SYN-00065,Y,미국
SYN-00066,N,미국
SYN-00067,N,미국
SYN-00068,N,해외
SYN-00069,N,해외
SYN-00070,N,해외
SYN-00071,Y,해외
SYN-00072,N,미국
SYN-00073,N,미국
SYN-00074,N,미국
SYN-00075,N,해외
SYN-00076,N,미국
SYN-00077,N,
SYN-00078,N,미국
SYN-00079,Y,미국
SYN-00080,N,해외
SYN-00081,N,해외
SYN-00082,N,해외
SYN-00083,N,미국
SYN-00084,N,해외
SYN-00085,Y,해외
SYN-00086,Y,미국
SYN-00087,N,미국
SYN-00088,N,해외
SYN-00089,N,미국
SYN-00090,N,해외
SYN-00091,N,미국
SYN-00092,Y,미국
SYN-00093,N,해외
SYN-00094,N,해외
SYN-00095,N,해외
SYN-00096,N,미국
SYN-00097,Y,해외
SYN-00098,N,
SYN-00099,N,미국
SYN-00100,Y,미국
SYN-00101,N,해외
SYN-00102,N,
SYN-00103,N,
SYN-00104,N,해외
SYN-00105,N,미국
SYN-00106,N,미국
SYN-00107,N,해외
SYN-00108,N,해외
SYN-00109,Y,미국
SYN-00110,N,미국
SYN-00111,N,해외
SYN-00112,N,미국
SYN-00113,N,미국
SYN-00114,N,미국
SYN-00115,Y,미국
SYN-00116,N,미국
SYN-00117,Y,해외
SYN-00118,Y,미국
SYN-00119,N,
SYN-00120,N,해외
SYN-00121,N,해외
SYN-00122,Y,미국
SYN-00123,N,해외
SYN-00124,N,해외
SYN-00125,Y,해외
SYN-00126,N,미국
SYN-00127,N,해외
SYN-00128,N,해외
SYN-00129,N,해외
SYN-00130,N,
SYN-00131,N,미국
SYN-00132,N,해외
SYN-00133,Y,해외
SYN-00134,N,미국
SYN-00135,Y,해외
SYN-00136,N,해외
SYN-00137,Y,해외
SYN-00138,Y,미국
SYN-00139,N,해외
SYN-00140,Y,해외
SYN-00141,N,해외
SYN-00142,N,해외
SYN-00143,N,
SYN-00144,N,해외
SYN-00145,Y,미국
SYN-00146,N,해외
SYN-00147,N,해외
SYN-00148,N,미국
SYN-00149,Y,미국
SYN-00150,N,미국
SYN-00151,N,미국
SYN-00152,N,미국
SYN-00153,N,미국
SYN-00154,N,미국
SYN-00155,N,미국
SYN-00156,Y,미국
SYN-00157,N,해외
SYN-00158,Y,미국
SYN-00159,N,미국
SYN-00160,N,미국
SYN-00161,Y,
SYN-00162,N,미국
SYN-00163,N,미국
SYN-00164,N,미국
SYN-00165,Y,미국
SYN-00166,N,미국
SYN-00167,N,해외
SYN-00168,N,해외
SYN-00169,N,해외
SYN-00170,N,미국
SYN-00171,N,미국
SYN-00172,Y,미국
SYN-00173,N,해외
SYN-00174,Y,미국
SYN-00175,N,해외
SYN-00176,N,해외
SYN-00177,N,해외
SYN-00178,N,
SYN-00179,N,미국
SYN-00180,Y,해외
SYN-00181,N,미국
SYN-00182,Y,해외
SYN-00183,N,해외
SYN-00184,N,
SYN-00185,N,미국
SYN-00186,Y,해외
SYN-00187,N,해외
SYN-00188,N,미국
SYN-00189,N,미국
SYN-00190,N,해외
SYN-00191,N,해외
SYN-00192,N,미국
SYN-00193,N,미국
SYN-00194,Y,미국
SYN-00195,N,미국
SYN-00196,N,해외
SYN-00197,N,해외
SYN-00198,N,미국
SYN-00199,Y,미국
SYN-00200,N,미국
SYN-00201,Y,해외
SYN-00202,Y,미국
SYN-00203,N,해외
SYN-00204,N,
SYN-00205,N,해외
SYN-00206,N,미국
SYN-00207,N,해외
SYN-00208,Y,해외
SYN-00209,N,미국
SYN-00210,Y,미국
SYN-00211,N,미국
SYN-00212,Y,미국
SYN-00213,N,미국
SYN-00214,N,미국
SYN-00215,N,해외
SYN-00216,N,미국
SYN-00217,N,미국
SYN-00218,N,미국
SYN-00219,N,미국
SYN-00220,Y,해외
SYN-00221,N,
SYN-00222,Y,해외
SYN-00223,N,미국
SYN-00224,Y,미국
SYN-00225,N,해외
SYN-00226,N,미국
SYN-00227,Y,해외
SYN-00228,Y,미국
SYN-00229,Y,해외
SYN-00230,Y,해외
SYN-00231,N,미국
SYN-00232,N,해외
SYN-00233,N,미상
SYN-00234,N,해외
SYN-00235,Y,미국
SYN-00236,N,해외
SYN-00237,N,해외
SYN-00238,Y,해외
SYN-00239,N,미국
SYN-00240,N,
SYN-00241,Y,해외
SYN-00242,Y,
SYN-00243,N,미국
SYN-00244,Y,해외
SYN-00245,N,해외
SYN-00246,N,
SYN-00247,N,미국
SYN-00248,Y,해외
SYN-00249,N,해외
SYN-00250,N,해외
SYN-00251,N,해외
SYN-00252,N,해외
SYN-00253,N,미국
SYN-00254,N,해외
SYN-00255,Y,해외
SYN-00256,N,해외
SYN-00257,N,미국
SYN-00258,N,미국
SYN-00259,N,미국
SYN-00260,N,해외
SYN-00261,Y,미국
SYN-00262,Y,해외
SYN-00263,Y,해외
SYN-00264,N,미국
SYN-00265,N,미국
SYN-00266,N,미국
SYN-00267,Y,미국
SYN-00268,N,미국
SYN-00269,Y,미국
SYN-00270,N,
SYN-00271,Y,해외
SYN-00272,N,미국
SYN-00273,N,미국
SYN-00274,N,해외
SYN-00275,N,미국
SYN-00276,N,해외
SYN-00277,N,해외
SYN-00278,Y,
SYN-00279,N,해외
SYN-00280,Y,해외
SYN-00281,N,
SYN-00282,N,해외
SYN-00283,N,미국
SYN-00284,N,미국
SYN-00285,N,해외
SYN-00286,N,미국
SYN-00287,N,해외
SYN-00288,Y,미국
SYN-00289,N,해외
SYN-00290,Y,미국
SYN-00291,N,해외
SYN-00292,N,미국
SYN-00293,N,미국
SYN-00294,N,미국
SYN-00295,N,해외
SYN-00296,N,해외
SYN-00297,N,미국
SYN-00298,N,해외
SYN-00299,Y,해외
SYN-00300,Y,미국
SYN-00301,Y,해외
SYN-00302,N,미국
SYN-00303,Y,해외
SYN-00304,N,
SYN-00305,N,해외
SYN-00306,N,해외
SYN-00307,N,해외
SYN-00308,N,해외
SYN-00309,N,해외
SYN-00310,N,해외
SYN-00311,N,해외
SYN-00312,N,미국
SYN-00313,N,미국
SYN-00314,Y,미국
SYN-00315,Y,해외
SYN-00316,Y,
SYN-00317,N,해외
SYN-00318,N,미국
SYN-00319,Y,해외
SYN-00320,N,미국
SYN-00321,N,미국
SYN-00322,N,미국
SYN-00323,N,해외
SYN-00324,N,해외
SYN-00325,N,해외
SYN-00326,N,미국
SYN-00327,Y,해외
SYN-00328,Y,미국
SYN-00329,Y,미국
SYN-00330,Y,해외
SYN-00331,Y,해외
SYN-00332,N,해외
SYN-00333,Y,해외
SYN-00334,Y,미국
SYN-00335,N,미국
SYN-00336,Y,해외
SYN-00337,N,미국
SYN-00338,N,
SYN-00339,N,해외
SYN-00340,N,미국
SYN-00341,Y,해외
SYN-00342,N,해외
SYN-00343,N,미국
SYN-00344,Y,미국
SYN-00345,N,미국
SYN-00346,Y,미국
SYN-00347,N,해외
SYN-00348,N,미국
SYN-00349,N,해외
SYN-00350,Y,미국
SYN-00351,N,해외
SYN-00352,N,해외
SYN-00353,N,미상
SYN-00354,N,해외
SYN-00355,N,해외
SYN-00356,N,해외
SYN-00357,Y,해외
SYN-00358,N,미국
SYN-00359,Y,해외
SYN-00360,Y,미국
SYN-00361,Y,해외
SYN-00362,N,미국
SYN-00363,N,해외
SYN-00364,N,미국
SYN-00365,Y,미국
SYN-00366,N,미국
SYN-00367,Y,미국
SYN-00368,N,미국
SYN-00369,Y,해외
SYN-00370,N,해외
SYN-00371,N,해외
SYN-00372,N,미국
SYN-00373,Y,해외
SYN-00374,N,해외
SYN-00375,N,해외
SYN-00376,Y,미국
SYN-00377,Y,
SYN-00378,Y,해외
SYN-00379,N,미국
SYN-00380,N,
SYN-00381,N,해외
SYN-00382,N,미국
SYN-00383,N,미국
SYN-00384,N,미국
SYN-00385,Y,미국
SYN-00386,N,해외
SYN-00387,N,미국
SYN-00388,N,해외
SYN-00389,N,해외
SYN-00390,N,해외
SYN-00391,N,해외
SYN-00392,N,해외
SYN-00393,N,미상
SYN-00394,N,
SYN-00395,Y,해외
SYN-00396,N,미국
SYN-00397,N,미국
SYN-00398,Y,해외
SYN-00399,Y,미국
SYN-00400,N,해외
SYN-00401,N,해외
SYN-00402,Y,해외
SYN-00403,N,해외
SYN-00404,N,미국
SYN-00405,N,미국
SYN-00406,Y,미국
SYN-00407,Y,미국
SYN-00408,N,미국
SYN-00409,N,해외
SYN-00410,N,미국
SYN-00411,N,해외
SYN-00412,N,해외
SYN-00413,N,미국
SYN-00414,N,미국
SYN-00415,Y,미국
SYN-00416,N,미국
SYN-00417,N,해외
SYN-00418,N,미국
SYN-00419,N,해외
SYN-00420,N,해외
SYN-00421,N,미국
SYN-00422,N,해외
SYN-00423,N,해외
SYN-00424,N,해외
SYN-00425,N,미국
SYN-00426,Y,해외
SYN-00427,N,미국
SYN-00428,Y,해외
SYN-00429,Y,미국
SYN-00430,N,해외
SYN-00431,Y,해외
SYN-00432,N,미국
SYN-00433,N,해외
SYN-00434,Y,미국
SYN-00435,Y,
SYN-00436,N,해외
SYN-00437,N,미국
SYN-00438,N,해외
SYN-00439,N,미국
SYN-00440,Y,미국
SYN-00441,N,미국
SYN-00442,Y,미국
SYN-00443,N,미국
SYN-00444,N,미국
SYN-00445,N,미국
SYN-00446,N,해외
SYN-00447,N,해외
SYN-00448,N,미국
SYN-00449,Y,해외
SYN-00450,Y,미국
SYN-00451,N,해외
SYN-00452,N,해외
SYN-00453,N,해외
SYN-00454,N,미국
SYN-00455,N,미국
SYN-00456,N,해외
SYN-00457,N,미국
SYN-00458,Y,해외
SYN-00459,N,해외
SYN-00460,N,미국
SYN-00461,N,미국
SYN-00462,N,미국
SYN-00463,N,미국
SYN-00464,Y,해외
SYN-00465,N,
SYN-00466,N,해외
SYN-00467,Y,미국
SYN-00468,N,
SYN-00469,N,해외
SYN-00470,N,미국
SYN-00471,N,미국
SYN-00472,N,
SYN-00473,Y,미국
SYN-00474,N,미상
SYN-00475,N,미국
SYN-00476,Y,미국
SYN-00477,Y,미국
SYN-00478,N,해외
SYN-00479,N,미국
SYN-00480,Y,해외
SYN-00481,N,미국
SYN-00482,N,해외
SYN-00483,N,미국
SYN-00484,N,해외
SYN-00485,N,
SYN-00486,Y,해외
SYN-00487,N,해외
SYN-00488,N,해외
SYN-00489,Y,
SYN-00490,Y,해외
SYN-00491,N,미국
SYN-00492,N,
SYN-00493,Y,해외
SYN-00494,Y,
SYN-00495,N,해외
SYN-00496,N,해외
SYN-00497,Y,미국
SYN-00498,N,
SYN-00499,N,미국
SYN-00500,Y,해외
SYN-00501,N,해외
SYN-00502,N,미국
SYN-00503,N,미국
SYN-00504,N,미국
SYN-00505,N,해외
SYN-00506,N,
SYN-00507,N,해외
SYN-00508,N,해외
SYN-00509,N,미국
SYN-00510,N,해외
SYN-00511,N,미국
SYN-00512,N,해외
SYN-00513,N,해외
SYN-00514,Y,
SYN-00515,N,미국
SYN-00516,N,해외
SYN-00517,N,미국
SYN-00518,N,해외
SYN-00519,N,미국
SYN-00520,N,해외
SYN-00521,N,해외
SYN-00522,Y,미국
SYN-00523,N,해외
SYN-00524,N,미국
SYN-00525,Y,미국
SYN-00526,N,해외
SYN-00527,Y,해외
SYN-00528,Y,해외
SYN-00529,N,해외
SYN-00530,N,미국
SYN-00531,Y,미국
SYN-00532,Y,해외
SYN-00533,N,미국
SYN-00534,N,해외
SYN-00535,N,해외
SYN-00536,N,해외
SYN-00537,Y,해외
SYN-00538,Y,해외
SYN-00539,N,미국
SYN-00540,N,해외
SYN-00541,N,해외
SYN-00542,N,미국
SYN-00543,N,
SYN-00544,N,미국
SYN-00545,N,미국
SYN-00546,Y,해외
SYN-00547,N,미국
SYN-00548,Y,미국
SYN-00549,N,해외
SYN-00550,Y,미국
SYN-00551,N,해외
SYN-00552,N,미국
SYN-00553,N,해외
SYN-00554,N,
SYN-00555,N,해외
SYN-00556,N,미국
SYN-00557,N,해외
SYN-00558,N,해외
SYN-00559,Y,
SYN-00560,N,해외
SYN-00561,Y,해외
SYN-00562,Y,
SYN-00563,N,미국
SYN-00564,N,해외
SYN-00565,N,미국
SYN-00566,N,미국
SYN-00567,Y,해외
SYN-00568,N,해외
SYN-00569,N,해외
SYN-00570,N,해외
SYN-00571,N,해외
SYN-00572,N,해외
SYN-00573,N,미국
SYN-00574,N,
SYN-00575,N,미국
SYN-00576,N,해외
SYN-00577,Y,미국
SYN-00578,Y,미국
SYN-00579,N,해외
SYN-00580,Y,해외
SYN-00581,N,미국
SYN-00582,N,
SYN-00583,N,미국
SYN-00584,Y,해외
SYN-00585,N,미국
SYN-00586,Y,미국
SYN-00587,N,해외
SYN-00588,Y,미국
SYN-00589,N,미국
SYN-00590,Y,미국
SYN-00591,Y,미국
SYN-00592,Y,미국
SYN-00593,Y,해외
SYN-00594,N,해외
SYN-00595,N,해외
SYN-00596,N,미국
SYN-00597,Y,해외
SYN-00598,Y,미국
SYN-00599,Y,해외
SYN-00600,N,해외
SYN-00601,Y,해외
SYN-00602,N,해외
SYN-00603,N,해외
SYN-00604,N,미국
SYN-00605,N,미국
SYN-00606,N,해외
SYN-00607,N,미국
SYN-00608,N,미국
SYN-00609,Y,미국
SYN-00610,N,미국
SYN-00611,N,미국
SYN-00612,N,해외
SYN-00613,Y,
SYN-00614,N,해외
SYN-00615,Y,
SYN-00616,N,미국
SYN-00617,N,미국
SYN-00618,N,미국
SYN-00619,N,해외
SYN-00620,Y,해외
SYN-00621,N,해외
SYN-00622,N,미국
SYN-00623,N,해외
SYN-00624,Y,해외
SYN-00625,N,해외
SYN-00626,N,해외
SYN-00627,N,미국
SYN-00628,N,해외
SYN-00629,Y,미국
SYN-00630,N,해외
SYN-00631,N,해외
SYN-00632,N,해외
SYN-00633,Y,해외
SYN-00634,Y,미국
SYN-00635,N,해외
SYN-00636,N,미국
SYN-00637,N,
SYN-00638,N,미국
SYN-00639,N,
SYN-00640,N,미국
SYN-00641,N,미국
SYN-00642,N,미국
SYN-00643,N,해외
SYN-00644,N,미국
SYN-00645,N,해외
SYN-00646,N,해외
SYN-00647,N,
SYN-00648,N,미국
SYN-00649,Y,해외
SYN-00650,N,미국
SYN-00651,N,미국
SYN-00652,Y,미국
SYN-00653,N,미국
SYN-00654,N,해외
SYN-00655,Y,미국
SYN-00656,N,해외
SYN-00657,N,미국
SYN-00658,N,
SYN-00659,Y,미국
SYN-00660,N,해외
SYN-00661,N,미국
SYN-00662,N,미국
SYN-00663,N,미국
SYN-00664,N,미국
SYN-00665,N,해외
SYN-00666,N,미국
SYN-00667,N,미국
SYN-00668,N,해외
SYN-00669,N,미국
SYN-00670,Y,해외
SYN-00671,Y,해외
SYN-00672,N,미국
SYN-00673,Y,미국
SYN-00674,Y,해외
SYN-00675,Y,
SYN-00676,Y,해외
SYN-00677,Y,해외
SYN-00678,N,미국
SYN-00679,N,미국
SYN-00680,Y,미국
SYN-00681,Y,미국
SYN-00682,N,해외
SYN-00683,N,해외
SYN-00684,Y,
SYN-00685,N,해외
SYN-00686,N,해외
SYN-00687,N,해외
SYN-00688,Y,해외
SYN-00689,N,미국
SYN-00690,N,미국
SYN-00691,N,해외
SYN-00692,Y,해외
SYN-00693,N,미국
SYN-00694,Y,해외
SYN-00695,N,미국
SYN-00696,N,
SYN-00697,Y,미국
SYN-00698,N,해외
SYN-00699,N,해외
SYN-00700,N,
SYN-00701,N,해외
SYN-00702,Y,미국
SYN-00703,Y,해외
SYN-00704,N,해외
SYN-00705,N,미국
SYN-00706,N,해외
SYN-00707,N,미국
SYN-00708,N,해외
SYN-00709,Y,미국
SYN-00710,N,해외
SYN-00711,N,해외
SYN-00712,Y,미국
SYN-00713,Y,해외
SYN-00714,Y,해외
SYN-00715,Y,해외
SYN-00716,N,미국
SYN-00717,N,해외
SYN-00718,Y,미국
SYN-00719,N,미상
SYN-00720,N,
SYN-00721,N,
SYN-00722,Y,해외
SYN-00723,Y,미국
SYN-00724,N,해외
SYN-00725,N,해외
SYN-00726,N,미국
SYN-00727,N,미국
SYN-00728,N,
SYN-00729,N,미국
SYN-00730,N,해외
SYN-00731,Y,미국
SYN-00732,N,해외
SYN-00733,Y,미국
SYN-00734,N,해외
SYN-00735,N,해외
SYN-00736,N,해외
SYN-00737,N,해외
SYN-00738,Y,미국
SYN-00739,N,해외
SYN-00740,N,미국
SYN-00741,Y,미국
SYN-00742,Y,해외
SYN-00743,N,해외
SYN-00744,Y,미국
SYN-00745,Y,미국
SYN-00746,Y,미국
SYN-00747,N,해외
SYN-00748,N,미국
SYN-00749,Y,해외
SYN-00750,N,미국
SYN-00751,N,미국
SYN-00752,Y,미국
SYN-00753,N,해외
SYN-00754,N,해외
SYN-00755,N,해외
SYN-00756,Y,미국
SYN-00757,N,미국
SYN-00758,N,해외
SYN-00759,Y,해외
SYN-00760,N,해외
SYN-00761,N,해외
SYN-00762,Y,미국
SYN-00763,N,해외
SYN-00764,N,미국
SYN-00765,N,해외
SYN-00766,N,해외
SYN-00767,Y,해외
SYN-00768,N,미국
SYN-00769,N,해외
SYN-00770,Y,미국
SYN-00771,N,
SYN-00772,N,미국
SYN-00773,N,해외
SYN-00774,N,미국
SYN-00775,N,해외
SYN-00776,N,해외
SYN-00777,N,
SYN-00778,N,해외
SYN-00779,N,미국
SYN-00780,N,해외
SYN-00781,N,해외
SYN-00782,N,미국
SYN-00783,N,미국
SYN-00784,N,해외
SYN-00785,N,해외
SYN-00786,N,미국
SYN-00787,N,해외
SYN-00788,N,해외
SYN-00789,N,해외
SYN-00790,N,미국
SYN-00791,N,미국
SYN-00792,N,미국
SYN-00793,N,해외
SYN-00794,N,해외
SYN-00795,N,
SYN-00796,N,해외
SYN-00797,N,미국
SYN-00798,N,해외
SYN-00799,N,해외
SYN-00800,N,해외
SYN-00801,N,해외
SYN-00802,N,미국
SYN-00803,N,미국
SYN-00804,N,해외
SYN-00805,N,미국
SYN-00806,N,해외
SYN-00807,N,미국
SYN-00808,N,미국
SYN-00809,N,해외
SYN-00810,N,해외
SYN-00811,N,미국
SYN-00812,Y,해외
SYN-00813,N,해외
SYN-00814,N,미국
SYN-00815,N,미국
SYN-00816,N,미국
SYN-00817,Y,해외
SYN-00818,N,해외
SYN-00819,N,해외
SYN-00820,N,해외
SYN-00821,Y,해외
SYN-00822,Y,해외
SYN-00823,N,미국
SYN-00824,N,미국
SYN-00825,N,해외
SYN-00826,Y,미국
SYN-00827,N,해외
SYN-00828,Y,해외
SYN-00829,N,미국
SYN-00830,N,해외
SYN-00831,N,해외
SYN-00832,N,해외
SYN-00833,N,해외
SYN-00834,N,해외
SYN-00835,N,해외
SYN-00836,N,미국
SYN-00837,N,해외
SYN-00838,N,미국
SYN-00839,Y,해외
SYN-00840,Y,해외
SYN-00841,N,미국
SYN-00842,N,해외
SYN-00843,N,미국
SYN-00844,N,미국
SYN-00845,N,미국
SYN-00846,N,미국
SYN-00847,N,미국
SYN-00848,N,미국
SYN-00849,Y,미국
SYN-00850,Y,해외
SYN-00851,N,미국
SYN-00852,Y,미국
SYN-00853,N,미국
SYN-00854,N,미국
SYN-00855,N,해외
SYN-00856,N,해외
SYN-00857,N,해외
SYN-00858,N,미국
SYN-00859,Y,미국
SYN-00860,Y,미국
SYN-00861,Y,
SYN-00862,N,해외
SYN-00863,Y,미국
SYN-00864,N,해외
SYN-00865,N,미국
SYN-00866,N,
SYN-00867,N,미국
SYN-00868,N,해외
SYN-00869,N,해외
SYN-00870,N,미국
SYN-00871,N,해외
SYN-00872,N,해외
SYN-00873,N,해외
SYN-00874,N,해외
SYN-00875,N,해외
SYN-00876,N,해외
SYN-00877,Y,
SYN-00878,N,미국
SYN-00879,N,
SYN-00880,N,해외
SYN-00881,N,미국
SYN-00882,N,미국
SYN-00883,N,해외
SYN-00884,Y,해외
SYN-00885,N,미국
SYN-00886,Y,미국
SYN-00887,N,해외
SYN-00888,N,미국
SYN-00889,Y,해외
SYN-00890,Y,미국
SYN-00891,N,해외
SYN-00892,N,미국
SYN-00893,Y,미국
SYN-00894,N,해외
SYN-00895,N,미국
SYN-00896,Y,해외
SYN-00897,N,해외
SYN-00898,N,해외
SYN-00899,Y,해외
SYN-00900,Y,해외
SYN-00901,N,해외
SYN-00902,N,미국
SYN-00903,Y,
SYN-00904,Y,
SYN-00905,N,미국
SYN-00906,N,
SYN-00907,N,미국
SYN-00908,N,미국
SYN-00909,N,미국
SYN-00910,N,미국
SYN-00911,N,미국
SYN-00912,N,해외
SYN-00913,N,해외
SYN-00914,Y,미국
SYN-00915,N,미국
SYN-00916,N,해외
SYN-00917,N,미국
SYN-00918,N,해외
SYN-00919,Y,미국
SYN-00920,N,미국
SYN-00921,N,
SYN-00922,N,해외
SYN-00923,N,미국
SYN-00924,N,해외
SYN-00925,N,해외
SYN-00926,N,해외
SYN-00927,N,해외
SYN-00928,N,미국
SYN-00929,N,해외
SYN-00930,N,해외
SYN-00931,N,해외
SYN-00932,N,해외
SYN-00933,N,해외
SYN-00934,N,미국
SYN-00935,N,해외
SYN-00936,Y,해외
SYN-00937,N,해외
SYN-00938,N,미국
SYN-00939,N,해외
SYN-00940,N,미국
SYN-00941,N,해외
SYN-00942,N,해외
SYN-00943,N,
SYN-00944,Y,해외
SYN-00945,N,해외
SYN-00946,N,해외
SYN-00947,Y,해외
SYN-00948,N,해외
SYN-00949,N,해외
SYN-00950,N,해외
SYN-00951,N,미국
SYN-00952,N,해외
SYN-00953,N,해외
SYN-00954,N,미국
SYN-00955,N,해외
SYN-00956,Y,해외
SYN-00957,N,해외
SYN-00958,N,해외
SYN-00959,Y,미국
SYN-00960,N,미국
SYN-00961,N,미국
SYN-00962,N,미국
SYN-00963,N,해외
SYN-00964,N,해외
SYN-00965,N,미국
SYN-00966,N,해외
SYN-00967,N,미국
SYN-00968,N,미국
SYN-00969,Y,
SYN-00970,Y,
SYN-00971,N,해외
SYN-00972,N,해외
SYN-00973,N,해외
SYN-00974,N,해외
SYN-00975,N,미국
SYN-00976,N,미국
SYN-00977,N,미국
SYN-00978,Y,미국
SYN-00979,Y,해외
SYN-00980,N,미국
SYN-00981,Y,해외
SYN-00982,N,해외
SYN-00983,Y,미국
SYN-00984,N,
SYN-00985,N,미국
SYN-00986,Y,해외
SYN-00987,N,미국
SYN-00988,N,해외
SYN-00989,N,해외
SYN-00990,Y,해외
SYN-00991,N,해외
SYN-00992,Y,미국
SYN-00993,Y,
SYN-00994,N,해외
SYN-00995,N,미국
SYN-00996,Y,해외
SYN-00997,Y,
SYN-00998,Y,해외
SYN-00999,N,해외
SYN-01000,N,해외
SYN-01001,Y,미국
SYN-01002,Y,
SYN-01003,N,미국
SYN-01004,Y,해외
SYN-01005,N,미국
SYN-01006,N,미국
SYN-01007,N,미국
SYN-01008,Y,미국
SYN-01009,N,미국
SYN-01010,Y,해외
SYN-01011,N,미국
SYN-01012,N,해외
SYN-01013,Y,해외
SYN-01014,N,미국
SYN-01015,Y,미국
SYN-01016,Y,
SYN-01017,N,미국
SYN-01018,N,미국
SYN-01019,N,해외
SYN-01020,N,해외
SYN-01021,N,해외
SYN-01022,N,미국
SYN-01023,Y,미국
SYN-01024,N,해외
SYN-01025,N,미국
SYN-01026,N,해외
SYN-01027,N,해외
SYN-01028,N,미국
SYN-01029,N,미국
SYN-01030,Y,미국
SYN-01031,N,해외
SYN-01032,N,해외
SYN-01033,Y,해외
SYN-01034,N,해외
SYN-01035,Y,해외
SYN-01036,N,미국
SYN-01037,N,해외
SYN-01038,N,미국
SYN-01039,Y,미국
SYN-01040,Y,해외
SYN-01041,N,해외
SYN-01042,N,미국
SYN-01043,Y,미국
SYN-01044,N,해외
SYN-01045,N,해외
SYN-01046,N,해외
SYN-01047,Y,미국
SYN-01048,N,해외
SYN-01049,Y,해외
SYN-01050,N,해외
SYN-01051,Y,미국
SYN-01052,N,미국
SYN-01053,N,해외
SYN-01054,Y,미국
SYN-01055,N,해외
SYN-01056,Y,미국
SYN-01057,N,미국
SYN-01058,N,미국
SYN-01059,Y,
SYN-01060,N,미국
SYN-01061,Y,미국
SYN-01062,Y,해외
SYN-01063,N,미국
SYN-01064,Y,해외
SYN-01065,N,미국
SYN-01066,Y,미국
SYN-01067,Y,해외
SYN-01068,Y,
SYN-01069,N,해외
SYN-01070,N,미국
SYN-01071,N,미국
SYN-01072,N,미국
SYN-01073,N,미국
SYN-01074,Y,미국
SYN-01075,N,해외
SYN-01076,N,해외
SYN-01077,N,미국
SYN-01078,N,미상
SYN-01079,Y,해외
SYN-01080,N,해외
SYN-01081,N,미국
SYN-01082,Y,미국
SYN-01083,N,미국
SYN-01084,N,해외
SYN-01085,N,미국
SYN-01086,Y,해외
SYN-01087,N,해외
SYN-01088,N,미국
SYN-01089,N,해외
SYN-01090,Y,미국
SYN-01091,N,미국
SYN-01092,N,미국
SYN-01093,N,해외
SYN-01094,N,미국
SYN-01095,Y,해외
SYN-01096,Y,해외
SYN-01097,N,미국
SYN-01098,N,해외
SYN-01099,N,미국
SYN-01100,Y,해외
SYN-01101,N,미국
SYN-01102,N,미국
SYN-01103,N,미국
SYN-01104,Y,미국
SYN-01105,N,해외
SYN-01106,N,해외
SYN-01107,N,해외
SYN-01108,N,미국
SYN-01109,N,해외
SYN-01110,N,미국
SYN-01111,Y,미국
SYN-01112,N,해외
SYN-01113,Y,해외
SYN-01114,N,해외
SYN-01115,Y,미국
SYN-01116,Y,미국
SYN-01117,N,해외
SYN-01118,Y,미국
SYN-01119,N,미국
SYN-01120,N,미국
SYN-01121,N,미국
SYN-01122,N,해외
SYN-01123,N,미국
SYN-01124,N,해외
SYN-01125,Y,해외
SYN-01126,N,미국
SYN-01127,N,해외
SYN-01128,Y,미국
SYN-01129,N,미국
SYN-01130,N,미국
SYN-01131,N,해외
SYN-01132,N,미국
SYN-01133,N,미국
SYN-01134,N,해외
SYN-01135,Y,미국
SYN-01136,N,미국
SYN-01137,N,해외
SYN-01138,N,미국
SYN-01139,N,해외
SYN-01140,Y,미국
SYN-01141,N,해외
SYN-01142,N,
SYN-01143,N,해외
SYN-01144,N,미국
SYN-01145,Y,해외
SYN-01146,N,미국
SYN-01147,N,해외
SYN-01148,N,해외
SYN-01149,N,해외
SYN-01150,N,해외
SYN-01151,N,해외
SYN-01152,Y,해외
SYN-01153,N,해외
SYN-01154,N,해외
SYN-01155,N,해외
SYN-01156,N,미국
SYN-01157,N,미국
SYN-01158,Y,해외
SYN-01159,N,해외
SYN-01160,N,미국
SYN-01161,N,미국
SYN-01162,N,미국
SYN-01163,N,미국
SYN-01164,Y,해외
SYN-01165,Y,해외
SYN-01166,N,해외
SYN-01167,N,해외
SYN-01168,Y,해외
SYN-01169,N,미국
SYN-01170,N,
SYN-01171,N,해외
SYN-01172,N,해외
SYN-01173,Y,미국
SYN-01174,N,미국
SYN-01175,N,해외
SYN-01176,N,미국
SYN-01177,N,해외
SYN-01178,N,
SYN-01179,N,해외
SYN-01180,Y,미국
SYN-01181,Y,해외
SYN-01182,N,미국
SYN-01183,N,미국
SYN-01184,Y,미국
SYN-01185,N,해외
SYN-01186,Y,해외
SYN-01187,N,미국
SYN-01188,Y,미국
SYN-01189,N,미국
SYN-01190,N,해외
SYN-01191,N,해외
SYN-01192,N,미국
SYN-01193,N,미국
SYN-01194,N,해외
SYN-01195,N,해외
SYN-01196,N,해외
SYN-01197,Y,해외
SYN-01198,Y,
SYN-01199,Y,
SYN-01200,Y,해외
SYN-01201,N,미국
SYN-01202,N,미국
SYN-01203,Y,미국
SYN-01204,N,해외
SYN-01205,N,미국
SYN-01206,N,해외
SYN-01207,Y,
SYN-01208,N,해외
SYN-01209,N,해외
SYN-01210,N,해외
SYN-01211,N,해외
SYN-01212,Y,미국
SYN-01213,N,
SYN-01214,Y,해외
SYN-01215,N,해외
SYN-01216,N,미국
SYN-01217,N,해외
SYN-01218,Y,해외
SYN-01219,N,해외
SYN-01220,N,미국
SYN-01221,N,미국
SYN-01222,N,해외
SYN-01223,N,해외
SYN-01224,N,해외
SYN-01225,Y,미국
SYN-01226,N,미국
SYN-01227,Y,미국
SYN-01228,N,미국
SYN-01229,Y,해외
SYN-01230,N,
SYN-01231,N,미국
SYN-01232,N,미국
SYN-01233,Y,미국
SYN-01234,N,미국
SYN-01235,N,
SYN-01236,Y,해외
SYN-01237,N,미국
SYN-01238,N,해외
SYN-01239,N,해외
SYN-01240,N,미국
SYN-01241,Y,해외
SYN-01242,N,해외
SYN-01243,Y,해외
SYN-01244,N,미국
SYN-01245,N,해외
SYN-01246,N,
SYN-01247,N,미국
SYN-01248,N,해외
SYN-01249,Y,미국
SYN-01250,N,미국
SYN-01251,N,미국
SYN-01252,N,
SYN-01253,N,해외
SYN-01254,N,해외
SYN-01255,N,미국
SYN-01256,Y,해외
SYN-01257,N,
SYN-01258,Y,미국
SYN-01259,Y,해외
SYN-01260,N,해외
SYN-01261,N,해외
SYN-01262,N,해외
SYN-01263,N,미국
SYN-01264,N,해외
SYN-01265,Y,미국
SYN-01266,N,해외
SYN-01267,N,해외
SYN-01268,N,해외
SYN-01269,Y,해외
SYN-01270,N,미국
SYN-01271,N,해외
SYN-01272,N,미국
SYN-01273,N,해외
SYN-01274,N,해외
SYN-01275,N,미국
SYN-01276,N,해외
SYN-01277,N,해외
SYN-01278,N,해외
SYN-01279,Y,해외
SYN-01280,N,해외
SYN-01281,Y,미국
SYN-01282,N,해외
SYN-01283,N,해외
SYN-01284,N,미국
SYN-01285,N,해외
SYN-01286,Y,미국
SYN-01287,N,미국
SYN-01288,N,미국
SYN-01289,N,미국
SYN-01290,Y,해외
SYN-01291,N,해외
SYN-01292,Y,미국
SYN-01293,N,해외
SYN-01294,N,해외
SYN-01295,N,해외
SYN-01296,N,해외
SYN-01297,N,미국
SYN-01298,Y,미국
SYN-01299,Y,해외
SYN-01300,N,해외
SYN-01301,N,
SYN-01302,Y,해외
SYN-01303,N,해외
SYN-01304,N,해외
SYN-01305,N,해외
SYN-01306,N,미국
SYN-01307,N,미국
SYN-01308,Y,
SYN-01309,Y,해외
SYN-01310,Y,해외
SYN-01311,N,해외
SYN-01312,N,해외
SYN-01313,N,미국
SYN-01314,N,미국
SYN-01315,Y,미국
SYN-01316,N,해외
SYN-01317,N,미국
SYN-01318,N,미국
SYN-01319,N,해외
SYN-01320,N,해외
SYN-01321,N,해외
SYN-01322,N,미국
SYN-01323,N,해외
SYN-01324,Y,미국
SYN-01325,N,해외
SYN-01326,Y,미국
SYN-01327,N,미국
SYN-01328,N,해외
SYN-01329,N,해외
SYN-01330,N,해외
SYN-01331,N,해외
SYN-01332,N,미국
SYN-01333,Y,미국
SYN-01334,N,해외
SYN-01335,Y,미국
SYN-01336,Y,미국
SYN-01337,Y,해외
SYN-01338,N,미국
SYN-01339,N,미국
SYN-01340,N,해외
SYN-01341,N,미국
SYN-01342,N,해외
SYN-01343,N,해외
SYN-01344,Y,
SYN-01345,N,해외
SYN-01346,N,해외
SYN-01347,N,미국
SYN-01348,N,미국
SYN-01349,N,미국
SYN-01350,N,해외
SYN-01351,N,미국
SYN-01352,Y,미국
SYN-01353,Y,미국
SYN-01354,N,해외
SYN-01355,N,해외
SYN-01356,N,미국
SYN-01357,N,해외
SYN-01358,Y,미국
SYN-01359,Y,미국
SYN-01360,N,미국
SYN-01361,N,미국
SYN-01362,Y,해외
SYN-01363,N,해외
SYN-01364,N,
SYN-01365,Y,미국
SYN-01366,N,미국
SYN-01367,N,미국
SYN-01368,N,해외
SYN-01369,Y,해외
SYN-01370,N,미국
SYN-01371,N,해외
SYN-01372,N,해외
SYN-01373,Y,해외
SYN-01374,Y,미국
SYN-01375,N,해외
SYN-01376,N,해외
SYN-01377,N,미국
SYN-01378,N,해외
SYN-01379,Y,해외
SYN-01380,N,
SYN-01381,Y,미국
SYN-01382,N,미국
SYN-01383,N,해외
SYN-01384,N,
SYN-01385,Y,미국
SYN-01386,Y,해외
SYN-01387,N,해외
SYN-01388,N,해외
SYN-01389,N,해외
SYN-01390,N,미국
SYN-01391,N,미국
SYN-01392,Y,미국
SYN-01393,Y,해외
SYN-01394,N,해외
SYN-01395,N,미국
SYN-01396,Y,미국
SYN-01397,N,미국
SYN-01398,Y,해외
SYN-01399,N,해외
SYN-01400,Y,해외
SYN-01401,N,미국
SYN-01402,Y,해외
SYN-01403,N,
SYN-01404,N,해외
SYN-01405,N,해외
SYN-01406,Y,해외
SYN-01407,N,미국
SYN-01408,N,해외
SYN-01409,N,해외
SYN-01410,N,해외
SYN-01411,N,미국
SYN-01412,Y,미국
SYN-01413,Y,해외
SYN-01414,Y,
SYN-01415,N,
SYN-01416,Y,해외
SYN-01417,Y,해외
SYN-01418,N,해외
SYN-01419,Y,
SYN-01420,Y,미국
SYN-01421,Y,미국
SYN-01422,N,해외
SYN-01423,N,미국
SYN-01424,N,해외
SYN-01425,N,미국
SYN-01426,N,미국
SYN-01427,N,해외
SYN-01428,Y,미국
SYN-01429,N,해외
SYN-01430,N,미국
SYN-01431,N,
SYN-01432,N,미국
SYN-01433,N,해외
SYN-01434,N,해외
SYN-01435,N,해외
SYN-01436,Y,해외
SYN-01437,Y,해외
SYN-01438,N,해외
SYN-01439,N,해외
SYN-01440,Y,해외
SYN-01441,N,미국
SYN-01442,N,해외
SYN-01443,N,해외
SYN-01444,N,해외
SYN-01445,N,미국
SYN-01446,N,미국
SYN-01447,N,
SYN-01448,N,미국
SYN-01449,N,해외
SYN-01450,Y,미국
SYN-01451,Y,해외
SYN-01452,N,
SYN-01453,N,해외
SYN-01454,N,해외
SYN-01455,Y,해외
SYN-01456,N,해외
SYN-01457,N,해외
SYN-01458,Y,해외
SYN-01459,N,
SYN-01460,Y,해외
SYN-01461,Y,미국
SYN-01462,N,해외
SYN-01463,N,미국
SYN-01464,N,해외
SYN-01465,Y,해외
SYN-01466,N,미국
SYN-01467,Y,해외
SYN-01468,N,미국
SYN-01469,N,해외
SYN-01470,N,해외
SYN-01471,N,해외
SYN-01472,N,미국
SYN-01473,Y,미국
SYN-01474,N,미국
SYN-01475,N,
SYN-01476,N,미국
SYN-01477,N,미국
SYN-01478,N,미국
SYN-01479,N,미국
SYN-01480,N,해외
SYN-01481,N,미국
SYN-01482,N,미국
SYN-01483,Y,
SYN-01484,Y,해외
SYN-01485,Y,해외
SYN-01486,Y,미국
SYN-01487,N,미국
SYN-01488,N,해외
SYN-01489,N,해외
SYN-01490,Y,미국
SYN-01491,N,미국
SYN-01492,N,해외
SYN-01493,N,해외
SYN-01494,Y,해외
SYN-01495,N,
SYN-01496,N,미국
SYN-01497,N,해외
SYN-01498,N,미국
SYN-01499,N,미국
SYN-01500,Y,미국
SYN-01501,N,해외
SYN-01502,N,미국
SYN-01503,N,해외
SYN-01504,Y,미국
SYN-01505,N,해외
SYN-01506,Y,미국
SYN-01507,N,해외
SYN-01508,N,미국
SYN-01509,N,해외
SYN-01510,N,해외
SYN-01511,Y,해외
SYN-01512,Y,해외
SYN-01513,N,미국
SYN-01514,Y,
SYN-01515,N,미국
SYN-01516,N,해외
SYN-01517,Y,미국
SYN-01518,N,미국
SYN-01519,N,미국
SYN-01520,N,미국
SYN-01521,Y,해외
SYN-01522,N,해외
SYN-01523,N,해외
SYN-01524,N,미국
SYN-01525,N,미국
SYN-01526,N,해외
SYN-01527,N,해외
SYN-01528,N,미국
SYN-01529,N,미국
SYN-01530,Y,해외
SYN-01531,Y,해외
SYN-01532,N,해외
SYN-01533,N,해외
SYN-01534,N,미국
SYN-01535,N,해외
SYN-01536,N,미국
SYN-01537,N,미국
SYN-01538,Y,
SYN-01539,N,미국
SYN-01540,N,해외
SYN-01541,N,해외
SYN-01542,N,미국
SYN-01543,N,미국
SYN-01544,N,해외
SYN-01545,Y,해외
SYN-01546,N,미국
SYN-01547,Y,해외
SYN-01548,N,해외
SYN-01549,N,미국
SYN-01550,N,미국
SYN-01551,Y,해외
SYN-01552,N,미국
SYN-01553,N,미국
SYN-01554,N,해외
SYN-01555,Y,해외
SYN-01556,N,해외
SYN-01557,N,미국
SYN-01558,N,미국
SYN-01559,N,해외
SYN-01560,N,미국
SYN-01561,N,해외
SYN-01562,N,해외
SYN-01563,N,미국
SYN-01564,N,해외
SYN-01565,N,해외
SYN-01566,Y,미국
SYN-01567,N,미국
SYN-01568,Y,해외
SYN-01569,N,미국
SYN-01570,Y,해외
SYN-01571,Y,
SYN-01572,N,미국
SYN-01573,N,미국
SYN-01574,N,해외
SYN-01575,N,해외
SYN-01576,N,미국
SYN-01577,N,해외
SYN-01578,Y,미국
SYN-01579,N,미국
SYN-01580,Y,해외
SYN-01581,N,미국
SYN-01582,N,해외
SYN-01583,N,미국
SYN-01584,N,미국
SYN-01585,Y,해외
SYN-01586,N,해외
SYN-01587,Y,미국
SYN-01588,N,미국
SYN-01589,N,미국
SYN-01590,N,미국
SYN-01591,Y,해외
SYN-01592,N,미국
SYN-01593,N,미국
SYN-01594,N,해외
SYN-01595,N,미국
SYN-01596,N,해외
SYN-01597,Y,해외
SYN-01598,N,해외
SYN-01599,N,해외
SYN-01600,N,해외
SYN-01601,N,해외
SYN-01602,Y,미국
SYN-01603,N,미국
SYN-01604,Y,해외
SYN-01605,N,해외
SYN-01606,N,해외
SYN-01607,N,미국
SYN-01608,N,해외
SYN-01609,N,해외
SYN-01610,N,미국
SYN-01611,N,미국
SYN-01612,N,미국
SYN-01613,Y,미국
SYN-01614,Y,미국
SYN-01615,N,미국
SYN-01616,N,해외
SYN-01617,N,해외
SYN-01618,N,해외
SYN-01619,N,해외
SYN-01620,N,해외
SYN-01621,N,미국
SYN-01622,N,미국
SYN-01623,N,미국
SYN-01624,N,미국
SYN-01625,N,해외
SYN-01626,N,미국
SYN-01627,Y,해외
SYN-01628,N,미국
SYN-01629,N,해외
SYN-01630,N,미국
SYN-01631,N,
SYN-01632,Y,해외
SYN-01633,N,미국
SYN-01634,N,해외
SYN-01635,N,미국
SYN-01636,Y,미국
SYN-01637,N,미국
SYN-01638,N,해외
SYN-01639,N,해외
SYN-01640,N,미국
SYN-01641,Y,미국
SYN-01642,N,미국
SYN-01643,Y,미국
SYN-01644,N,해외
SYN-01645,Y,해외
SYN-01646,N,해외
SYN-01647,N,
SYN-01648,N,미국
SYN-01649,N,미국
SYN-01650,Y,해외
SYN-01651,Y,해외
SYN-01652,Y,해외
SYN-01653,N,
SYN-01654,N,미국
SYN-01655,N,해외
SYN-01656,Y,해외
SYN-01657,N,미국
SYN-01658,N,미국
SYN-01659,N,미국
SYN-01660,Y,해외
SYN-01661,N,해외
SYN-01662,N,미국
SYN-01663,N,미국
SYN-01664,Y,미국
SYN-01665,Y,미국
SYN-01666,N,미국
SYN-01667,N,미국
SYN-01668,N,
SYN-01669,N,미국
SYN-01670,N,미국
SYN-01671,N,해외
SYN-01672,N,
SYN-01673,N,미국
SYN-01674,N,해외
SYN-01675,N,
SYN-01676,N,해외
SYN-01677,Y,해외
SYN-01678,N,미국
SYN-01679,Y,미국
SYN-01680,N,미국
SYN-01681,N,미국
SYN-01682,Y,미국
SYN-01683,N,미국
SYN-01684,N,해외
SYN-01685,N,해외
SYN-01686,N,미국
SYN-01687,N,해외
SYN-01688,N,미국
SYN-01689,N,미국
SYN-01690,Y,해외
SYN-01691,N,해외
SYN-01692,N,해외
SYN-01693,N,해외
SYN-01694,Y,해외
SYN-01695,N,해외
SYN-01696,N,해외
SYN-01697,N,해외
SYN-01698,N,해외
SYN-01699,N,해외
SYN-01700,N,미국
SYN-01701,N,해외
SYN-01702,N,
SYN-01703,N,미국
SYN-01704,Y,미국
SYN-01705,N,미국
SYN-01706,Y,미국
SYN-01707,N,미국
SYN-01708,Y,해외
SYN-01709,N,해외
SYN-01710,N,미국
SYN-01711,N,
SYN-01712,N,미국
SYN-01713,Y,해외
SYN-01714,N,해외
SYN-01715,N,해외
SYN-01716,Y,미국
SYN-01717,N,해외
SYN-01718,N,해외
SYN-01719,N,해외
SYN-01720,N,해외
SYN-01721,Y,미국
SYN-01722,N,미국
SYN-01723,N,
SYN-01724,N,해외
SYN-01725,Y,미국
SYN-01726,N,해외
SYN-01727,Y,미국
SYN-01728,Y,해외
SYN-01729,N,미국
SYN-01730,N,해외
SYN-01731,N,해외
SYN-01732,N,해외
SYN-01733,N,미국
SYN-01734,N,미국
SYN-01735,Y,미국
SYN-01736,N,미국
SYN-01737,N,미국
SYN-01738,N,해외
SYN-01739,Y,미국
SYN-01740,N,미국
SYN-01741,N,해외
SYN-01742,N,미국
SYN-01743,N,
SYN-01744,N,해외
SYN-01745,N,해외
SYN-01746,N,미국
SYN-01747,N,
SYN-01748,N,미국
SYN-01749,N,해외
SYN-01750,N,해외
SYN-01751,Y,미국
SYN-01752,N,미국
SYN-01753,N,미국
SYN-01754,Y,미국
SYN-01755,N,미국
SYN-01756,Y,해외
SYN-01757,N,미국
SYN-01758,Y,
SYN-01759,N,해외
SYN-01760,N,미국
SYN-01761,N,해외
SYN-01762,N,해외
SYN-01763,N,해외
SYN-01764,N,미국
SYN-01765,Y,미국
SYN-01766,N,미국
SYN-01767,N,해외
SYN-01768,N,해외
SYN-01769,N,
SYN-01770,N,미국
SYN-01771,N,미국
SYN-01772,Y,미국
SYN-01773,N,
SYN-01774,N,해외
SYN-01775,N,미국
SYN-01776,N,미국
SYN-01777,N,해외
SYN-01778,Y,해외
SYN-01779,Y,해외
SYN-01780,N,해외
SYN-01781,Y,미국
SYN-01782,N,미국
SYN-01783,N,해외
SYN-01784,N,미국
SYN-01785,N,미국
SYN-01786,N,
SYN-01787,Y,해외
SYN-01788,N,해외
SYN-01789,Y,
SYN-01790,N,해외
SYN-01791,N,해외
SYN-01792,N,미국
SYN-01793,N,미국
SYN-01794,N,미국
SYN-01795,N,미국
SYN-01796,N,미국
SYN-01797,N,해외
SYN-01798,Y,미국
SYN-01799,Y,미국
SYN-01800,N,해외
SYN-01801,Y,해외
SYN-01802,N,미국
SYN-01803,Y,해외
SYN-01804,N,해외
SYN-01805,N,
SYN-01806,N,해외
SYN-01807,N,미국
SYN-01808,N,해외
SYN-01809,Y,미국
SYN-01810,N,미국
SYN-01811,N,해외
SYN-01812,N,미국
SYN-01813,Y,미국
SYN-01814,Y,해외
SYN-01815,N,미국
SYN-01816,N,미국
SYN-01817,N,해외
SYN-01818,N,해외
SYN-01819,Y,
SYN-01820,Y,해외
SYN-01821,N,해외
SYN-01822,Y,미국
SYN-01823,N,해외
SYN-01824,N,미국
SYN-01825,N,미국
SYN-01826,N,해외
SYN-01827,N,해외
SYN-01828,Y,미국
SYN-01829,N,해외
SYN-01830,Y,해외
SYN-01831,N,
SYN-01832,Y,해외
SYN-01833,N,해외
SYN-01834,N,해외
SYN-01835,N,해외
SYN-01836,Y,해외
SYN-01837,N,해외
SYN-01838,Y,해외
SYN-01839,N,해외
SYN-01840,N,미국
SYN-01841,Y,미국
SYN-01842,N,미국
SYN-01843,Y,해외
SYN-01844,N,
SYN-01845,N,해외
SYN-01846,N,해외
SYN-01847,N,해외
SYN-01848,Y,해외
SYN-01849,Y,미국
SYN-01850,N,해외
SYN-01851,N,해외
SYN-01852,N,해외
SYN-01853,Y,
SYN-01854,N,미국
SYN-01855,N,해외
SYN-01856,N,미국
SYN-01857,N,미국
SYN-01858,N,미국
SYN-01859,Y,해외
SYN-01860,Y,미국
SYN-01861,N,해외
SYN-01862,Y,미국
SYN-01863,N,미국
SYN-01864,N,미국
SYN-01865,N,해외
SYN-01866,N,미국
SYN-01867,Y,해외
SYN-01868,N,미국
SYN-01869,N,해외
SYN-01870,N,미국
SYN-01871,N,미국
SYN-01872,Y,해외
SYN-01873,N,
SYN-01874,Y,미국
SYN-01875,N,미국
SYN-01876,N,해외
SYN-01877,N,해외
SYN-01878,N,해외
SYN-01879,N,해외
SYN-01880,Y,해외
SYN-01881,Y,미국
SYN-01882,Y,
SYN-01883,Y,해외
SYN-01884,Y,해외
SYN-01885,Y,미국
SYN-01886,N,해외
SYN-01887,N,미국
SYN-01888,N,해외
SYN-01889,N,해외
SYN-01890,N,해외
SYN-01891,Y,미국
SYN-01892,Y,해외
SYN-01893,N,해외
SYN-01894,Y,해외
SYN-01895,N,
SYN-01896,N,해외
SYN-01897,N,
SYN-01898,Y,해외
SYN-01899,N,해외
SYN-01900,N,미국
SYN-01901,N,해외
SYN-01902,N,미국
SYN-01903,N,해외
SYN-01904,Y,해외
SYN-01905,N,해외
SYN-01906,N,해외
SYN-01907,N,미국
SYN-01908,Y,해외
SYN-01909,N,미국
SYN-01910,Y,해외
SYN-01911,N,미국
SYN-01912,N,미국
SYN-01913,Y,미국
SYN-01914,N,해외
SYN-01915,N,미국
SYN-01916,N,미국
SYN-01917,Y,해외
SYN-01918,Y,미국
SYN-01919,Y,미국
SYN-01920,Y,미국
SYN-01921,N,해외
SYN-01922,N,미국
SYN-01923,N,해외
SYN-01924,Y,미국
SYN-01925,Y,미국
SYN-01926,Y,해외
SYN-01927,N,해외
SYN-01928,N,해외
SYN-01929,N,해외
SYN-01930,N,미국
SYN-01931,Y,해외
SYN-01932,N,미국
SYN-01933,N,해외
SYN-01934,Y,미국
SYN-01935,N,해외
SYN-01936,N,미국
SYN-01937,N,해외
SYN-01938,N,해외
SYN-01939,N,해외
SYN-01940,N,미국
SYN-01941,N,
SYN-01942,Y,미국
SYN-01943,Y,해외
SYN-01944,Y,미국
SYN-01945,N,미국
SYN-01946,N,
SYN-01947,N,해외
SYN-01948,N,미국
SYN-01949,N,해외
SYN-01950,N,
SYN-01951,N,미국
SYN-01952,N,미국
SYN-01953,N,미국
SYN-01954,N,미국
SYN-01955,N,미국
SYN-01956,N,미국
SYN-01957,N,미국
SYN-01958,N,미국
SYN-01959,N,해외
SYN-01960,N,해외
SYN-01961,Y,미국
SYN-01962,N,미국
SYN-01963,N,해외
SYN-01964,N,해외
SYN-01965,Y,해외
SYN-01966,N,해외
SYN-01967,N,미국
SYN-01968,N,해외
SYN-01969,Y,미국
SYN-01970,N,
SYN-01971,N,미국
SYN-01972,N,미국
SYN-01973,N,해외
SYN-01974,N,미국
SYN-01975,Y,해외
SYN-01976,Y,미국
SYN-01977,Y,해외
SYN-01978,N,미국
SYN-01979,N,미국
SYN-01980,Y,미국
SYN-01981,N,해외
SYN-01982,Y,미국
SYN-01983,N,해외
SYN-01984,N,미국
SYN-01985,N,미국
SYN-01986,Y,미국
SYN-01987,N,미국
SYN-01988,Y,미국
SYN-01989,Y,해외
SYN-01990,N,해외
SYN-01991,N,해외
SYN-01992,N,해외
SYN-01993,N,미국
SYN-01994,N,
SYN-01995,N,미국
SYN-01996,Y,해외
SYN-01997,Y,미국
SYN-01998,N,해외
SYN-01999,N,해외
SYN-02000,Y,
